"mean","mean1","scale","shape"
0.270526955451182,-0.194199143941655,0.070965473846058,0.970673869773058
0.250545746809814,-0.401645436155858,0.0712314456671631,0.998130007377298
0.0767481088026815,-0.134504682488948,0.0527076167298248,0.996575513261929
0.245012454546936,-0.259118687674054,0.0745192441435342,0.991526752728857
0.247015733005049,-0.374669929432712,0.0666453285940959,0.998162108562751
0.0322458402304502,0.0830713261456795,0.0630089921995178,1.00447850879539
0.141259916841668,-0.133167654860842,0.0563567866973217,1.00167280521275
0.204920970720681,-0.242234589128715,0.0536962824853248,0.995292750154586
0.270593146296779,-0.272125833592263,0.0556844973806975,1.01447869290641
0.155937442985427,-0.13348213269513,0.0624866009221903,0.996571622260685
0.202330490176838,-0.236296291748554,0.0512748757608848,0.997637802531852
0.166592942063578,-0.104000525462044,0.0641311993113962,0.991787585497921
0.254887078934359,-0.233999342261634,0.0495858094539337,1.00528710915326
0.196360022086263,-0.150232109346006,0.0636720193319734,0.950928978170944
0.226072233535823,-0.203383492884704,0.0634020438385652,1.0390604991873
0.185038178444736,-0.243350190228177,0.0623612422740035,0.998682730595294
0.189443923044678,-0.132728617862103,0.0589966098393059,1.05029113981118
0.195540140582793,-0.150783200610561,0.0695128211781493,1.00430011147073
0.205415643369339,-0.266441421058374,0.0530548461077823,1.01844698865631
0.163304958454302,-0.175333701101895,0.0618714395705125,0.950426769782666
0.190998136719846,-0.262966711934217,0.043031473268924,1.01222135614753
0.138777816145725,0.00232539625819123,0.0578929754285846,1.05044460156058
0.193766495918541,-0.239388868897278,0.0465533250733254,0.985027519820157
0.237117311623354,-0.335673599617749,0.0630067203139164,1.01956195870066
0.227203665647073,-0.266766330945713,0.0541476732141933,0.986130574421733
0.178917202815911,-0.300345632573151,0.0504911314551069,1.01847276928806
0.164161840494685,-0.212974715217054,0.0537358951234365,1.02246876172275
0.296561288374248,-0.213522272755775,0.0655772991370119,1.1547061411437
0.207861837459879,-0.0854637314862123,0.0615916542362481,1.03673491613825
0.193266058178499,-0.0982594738924209,0.0689264561771086,0.957645158213501
0.284528680915377,-0.219371667778761,0.0577761508571265,1.0379946239009
0.212591343430045,-0.238045267049786,0.0520369099015692,1.04033069257414
0.238042365957297,-0.179038527368065,0.0523350045318951,1.0197904604702
0.278949549339985,-0.389728692179656,0.0498812156550302,1.00381808415793
0.219077300523759,-0.109359371320028,0.067593211967653,1.02002658418607
0.270286100405041,-0.443332817700001,0.0647510409835329,0.997139132519855
0.287539423608576,-0.304817008881925,0.0512346862320524,1.00652585443305
0.181376574093242,-0.188120933045573,0.0651915194754958,0.982111079196003
0.139629729716163,-0.15278881542479,0.0600614522606848,1.01474220567478
0.139124572487864,-0.0742765248446115,0.0575712546505249,1.01030219309596
0.137366422248719,-0.185656510543447,0.059966697755418,1.01633030667702
0.0614476741080079,-0.0433076054977626,0.0627731441769579,1.0099904092906
0.21311490418406,-0.386802696609131,0.0592595520195342,1.00807846177601
0.150862178211245,-0.141810609437393,0.053902276117391,0.991717005829906
0.252891854489313,-0.22305249098129,0.0642364714456838,1.0078422038656
0.278445592417882,-0.199699289035517,0.0560532027057704,1.06597976667412
0.151153724517203,-0.170459111067611,0.059884024370996,1.02048534853671
0.224285414921456,-0.197114844750542,0.058778817195759,1.01236163087401
0.27780356622002,-0.304857762022507,0.0680065020637558,0.997947257697598
0.191604777235525,-0.195070725559402,0.0616272086024001,0.99862229343619
0.143327185753517,-0.0900253456110425,0.0775359787697672,0.978470973903043
0.100789459734345,-0.16064278897445,0.0641122997122246,1.03514167991343
0.106697805967415,-0.163320998380884,0.0647690027448808,0.955255618265269
0.196739662666929,-0.263617267953498,0.0522334242247974,0.975556242745515
0.1487507586644,-0.0389148925282378,0.0574735778654864,0.990856618231511
0.153983644536154,-0.234046496186989,0.0499484499042938,1.02856186573188
0.202679176698822,-0.129916889840039,0.0632023070879323,0.993795344855453
0.0590862313682704,-0.0808286783316296,0.0464952481585806,0.954746137897855
0.243726718460397,-0.128743268594708,0.0516046538763342,1.02618039095543
0.25302793809547,-0.281864062473887,0.0741713730095923,1.01913639639194
0.17265568725453,-0.107464856771651,0.0567040505581921,0.978414639449945
0.109874802416708,-0.0513951311111024,0.0530136707938071,1.0159646574497
0.08570188764936,-0.015849759968465,0.0655408960660484,1.04492750287416
0.0612393935857565,0.00507638522606319,0.0550542527890358,1.00967641868786
0.179420022758475,-0.1328490972924,0.0672070706573857,0.957861870545078
0.280962016806498,-0.144158844743322,0.0697145711306186,0.977719713175034
0.103004205690913,-0.0255012749380006,0.0629573334186093,0.986744852372161
0.166282001250348,-0.253606801115049,0.0610997628906898,0.966186059559105
0.185471949230134,-0.295342493194402,0.0640260178398041,0.993288015849941
0.196913966253775,-0.113084393679281,0.0719941307154865,1.02912081294612
0.148347039617206,-0.162915402723151,0.0584931176684337,1.01830817551485
0.333287366610691,-0.372402655377692,0.0599742700512966,1.03455903924532
0.2252249206163,-0.0714091716185971,0.0670359169089677,1.05754621282097
0.205693686441748,-0.249995993137262,0.0628213085983405,0.995350052746477
0.131816970760024,-0.103149450235343,0.064195467739712,1.0087637682348
0.148032457703009,-0.0715146971867261,0.05823980237417,1.08503857698903
0.250906816883855,-0.2846537799393,0.062126304948386,1.02899679546003
0.182056354949581,-0.226633685239675,0.0541936011510175,0.969490161195528
0.343931515696423,-0.21018498231705,0.0581881934998089,1.05515219887296
0.0448405037516831,0.0114752398554242,0.0518123007805504,1.03017932037854
0.243043293647658,-0.368875713812978,0.0725384069656004,1.00312527796971
0.178879904305291,-0.111735648550792,0.0582657488333911,0.982516305323189
0.0324106677823607,-0.20924969837741,0.0527484724665693,1.00680478117431
0.153165564139352,-0.141446190533162,0.0654215975130938,0.956565762712019
0.338834614716807,-0.327327750049113,0.0614562668080192,1.00270910692762
0.223587606488325,-0.201760989559161,0.0744114288719421,1.02499725845743
0.308084036156637,-0.317616690094005,0.0769733568596202,0.943784778328031
0.00794588348709241,-0.103491054006342,0.0572485936152204,0.939230422612283
0.152116190188096,-0.148977216534843,0.0615521455950489,1.04927823440119
0.11823098842005,-0.171034881533836,0.0651726989708258,0.998481916552861
0.16192518757689,-0.257455682631031,0.0602302313983152,1.02382964751645
0.200691769242889,-0.219043735437472,0.0626389293163337,1.01854778192329
0.0817386102582285,-0.0970501946622968,0.060778857503571,0.945711273235703
0.173234735926328,-0.124976665987458,0.0485854156406211,1.02723468318806
0.126858332837305,-0.0578321274782924,0.0860834662750855,0.98234654369004
0.146279412851579,-0.200181964940969,0.067045256866537,0.940093722594712
0.293774352019975,-0.315791811329867,0.0657900556244897,1.04557292600221
0.276117537860414,-0.303139858958434,0.0599266609903587,0.965487518799303
0.173527139578203,-0.0985926078041408,0.0580085020132056,1.09850343830957
0.211820934279483,-0.159257774471975,0.0533474557795612,1.05475317092842
0.181442501255637,-0.279270524436,0.0616588067670119,1.01101553686699
0.192795675991841,-0.247049923820078,0.0521110776363056,1.05986572303426
0.308149392358695,-0.334938772057676,0.0545951673501589,0.998234298685769
0.178783205641,-0.193410008125556,0.0631379570945661,0.987079037845762
0.16883434603254,-0.298450732268453,0.0492030376440516,1.00387511457515
0.354964712744209,-0.370992959919875,0.0624393022239342,0.989998690883691
0.155135605059699,-0.165831567356416,0.0556095347998851,1.04393796390655
0.120963813750638,-0.219480218770289,0.0529015086626121,0.972778887416509
0.284482298376509,-0.274005798242123,0.0626185544542122,1.03484366916881
0.223258915222093,-0.267537220749207,0.0680466500104403,1.02561067527652
0.210706181700189,-0.351115465786426,0.0563192401248787,0.971722026295535
0.194545014602303,-0.122863240994297,0.0842345182386244,1.03729896108724
0.34487021313649,-0.367469492429162,0.0694050015989383,0.962682949985886
0.125895655675533,-0.0918004970453225,0.0632637942660557,0.980911774905085
0.164515892973731,-0.267708585073306,0.0587760133205334,1.01582205464994
0.145519908461008,-0.328579468812861,0.0607109009740873,0.943958725764235
0.204141827900489,-0.159650749224957,0.0611157540148432,1.0300459587939
0.218246291350363,-0.182433389110509,0.0601768419016831,0.979280375938354
0.307087773125719,-0.179637010789599,0.0562242623421903,1.10139036856976
0.0807391402208555,-0.213987218496407,0.0548979322718271,0.973461798745623
0.135370839051169,-0.166134549206408,0.0540226229717297,1.04162933935858
0.290681176503989,-0.211298237220498,0.0662052389312841,1.07752527884846
0.121217200697448,-0.115967132393487,0.0691254229782746,0.972510049324413
0.179562597353439,-0.181645587971458,0.0658071163217423,0.959989182696052
0.174679755452839,-0.171030289543317,0.0515342530584911,1.01113907060407
0.234138690892884,-0.12044249468131,0.0705287911557217,0.975954104516746
0.235560412082877,-0.274917502629541,0.0648256811599085,1.04158489875661
0.130659901362295,-0.139126917856126,0.0579128771194291,0.985190466701802
0.187416269823994,-0.0799008357838211,0.0645524509032289,0.963555453721142
0.195224834723994,-0.238168560192771,0.0621519139572419,0.989628385618904
0.255055161896616,-0.219002179462223,0.0595324041356233,1.03699470114798
0.253205793674499,-0.226847591729444,0.0656559041467353,1.05519707567084
0.218090108068716,-0.204925553670548,0.0630218524903644,1.00582106414008
0.109365394894484,0.000703743211381965,0.0651945740585858,1.05324765390607
0.0693337271006294,-0.0485702529727977,0.0583627213862713,0.962887758658069
0.216408303461606,-0.34142712779871,0.0569632675316777,1.0710786247688
0.208312793182827,-0.243399786403881,0.0542332921224301,1.02987208398004
0.154371111775293,-0.242356012093997,0.0601256765855148,0.97862172614402
0.0442732669442987,-0.063397711555219,0.0661874400436746,0.977281307565128
0.248205797253024,-0.254118797776014,0.0434966899459268,0.997059997521068
0.0250399169117959,-0.0240863063840059,0.0549361775207671,0.980212819643095
0.254300106021406,-0.211002609418777,0.0557792210971163,1.02969672334678
0.21514760745953,-0.242196606997267,0.0530860959969046,1.0304957519381
0.149112043252204,-0.13527862468874,0.0769636951334299,0.956702397439432
0.0536458979006307,-0.14484752976304,0.0539488803300566,1.00891468819577
0.096982146192464,-0.20879267098064,0.0508726147269455,1.00758167794671
0.0900924042579297,-0.0630225804889754,0.042134512969065,1.02426441297886
0.180121950536325,-0.191825498154838,0.0541214707839162,0.981703234668077
0.261776108006479,-0.257503491226064,0.048688320767444,0.992637454531557
0.158425020395034,-0.256382435902393,0.0591374515276665,0.99551403650002
0.107745566227226,0.00786654583160185,0.0631210289587624,0.995986450516287
0.260150471839161,-0.169166712716487,0.0694417075714122,0.994326013305525
0.198778185656221,-0.196778387967208,0.0651737218960105,0.978336806829788
0.325283427762705,-0.33046320501233,0.0590308653314171,0.995212384678559
0.231313322843762,-0.253391380006061,0.0650686287397025,1.01025093742277
0.190163298679746,-0.251941927586963,0.0688602356438787,0.99142323470761
0.254042555558941,-0.349316805940914,0.0477838516665701,0.999552200571016
0.264576515830805,-0.219749023597097,0.0669186811469181,1.00437997785168
0.210888667057674,-0.267495464251386,0.0563897215796063,1.02822359615507
0.169664175634845,-0.199371449201111,0.0736219049564629,0.962317328885204
0.304256275022357,-0.233089855032313,0.0673316385918501,1.07713160252677
0.330755859938966,-0.475681250899339,0.0621577067857026,1.00079303802923
0.244025852023861,-0.219656355655007,0.0592300126894389,1.04770822511607
0.242010876167137,-0.276134206767189,0.0662464274299476,1.02134213800674
0.255384476820708,-0.294696223716155,0.0724875596123192,0.999898197984024
0.245543349080276,-0.379480151985252,0.0543967004581898,1.00578239784186
0.236850735358233,-0.202840758454798,0.0672848790357181,0.959753322425488
0.10989089101901,-0.175650138125377,0.0587943576962294,0.951657061893075
0.319361964988212,-0.306124580067719,0.0654197809701835,1.01297440652055
0.216417111055492,-0.0983948495431687,0.0599350564927806,1.02209323505748
0.20074542585182,-0.090318647103252,0.053585060672097,1.00040229320091
0.288571091994949,-0.311507695016494,0.0641689579903961,1.00325374881743
0.281421358314977,-0.280871059157814,0.0721105398916161,1.01491543102746
0.258498863804323,-0.301020544562657,0.0670991125726038,1.03643987064932
0.230177511828437,-0.144856274029118,0.0638145050619032,1.02337885904742
0.0960246719517746,-0.139616479353326,0.0715074276681826,0.974792143435768
0.247935319265815,-0.168952081737147,0.0497559328947108,1.02402736691707
0.100009881007479,-0.126493869504538,0.0423708131710621,1.05220703948857
0.181106627420475,-0.071942027357747,0.0701239547823927,1.02582986995552
0.146098454988187,-0.108751410687139,0.0583626720351494,1.00869048324456
0.219487628994877,-0.180401736431787,0.0595072172748647,0.999797722890017
0.203603809842118,-0.172582177406431,0.0665707306804336,0.980526948313795
0.225859722814834,-0.198879338124258,0.0697762764654357,1.00554364751314
0.154686423075626,-0.0824169819450088,0.0593938901906714,1.00956251468225
0.201065282497274,-0.286796106499758,0.051715370834102,1.00901718267315
0.117926443016746,-0.28680373906726,0.070754580781355,1.01220978368528
0.083883730106109,-0.149895922922192,0.0630248947332914,0.995027381989701
0.225003914729215,-0.340418218438299,0.0560457283123153,0.921362155575908
0.151789285422936,-0.106449408807975,0.0589832279424864,0.940275125344879
0.177621229333455,-0.105096348450405,0.0635834668731751,0.953273695399794
0.25502936183481,-0.136795134548886,0.0641140388435779,1.07312384160277
0.243712474010992,-0.311208403036937,0.064040571435141,0.988377438116768
0.331756501921782,-0.0971837015670522,0.0856156311291194,1.04167422106501
0.235348554807126,-0.178270901955483,0.0526030294183594,1.02086843105536
0.373714847443802,-0.431698074615332,0.0794605996680313,0.93868526832024
0.264555928636658,-0.0948354442268333,0.0648716259952526,1.0725401721561
0.127350774158707,-0.142242988810661,0.0590502821534132,0.995060841919543
0.181812495346879,-0.0307812106038098,0.0649665301089795,0.964429471382972
0.29275368980245,-0.208056922442318,0.0626656776389015,0.961552887945643
0.0833142264632553,-0.0422319370189279,0.0574562837403156,1.01419054921329
0.156799220474588,-0.0420499960625281,0.0584604851410732,0.985512712577954
0.272634661721119,-0.225929036764944,0.0454516784303696,1.0145329874609
0.142733971003148,-0.0945433430859629,0.0705317360506386,1.00310473747662
0.130282249616716,-0.253508618745572,0.0648835890829353,0.985023492983878
0.332365571511229,-0.160505524724954,0.0579732499794204,1.06466017215893
0.10685885079709,-0.0658938210874918,0.0584270534134824,0.977651996190312
0.19051334415568,-0.25062971761304,0.0496378464679029,1.06837574299023
0.462763757344229,-0.389028812783013,0.0701279339936584,1.047509333133
0.256827231239783,-0.267608083799173,0.0649771647540641,1.02132962366803
0.0824086546168426,-0.116888676719339,0.0561769888450361,1.02317624574296
0.305102251605234,-0.336246076927002,0.0616702193069098,1.04843479873968
0.152392524203734,-0.174179812687421,0.0566735737580468,1.02324505622504
0.219459218021975,-0.094709299941852,0.0654488534272815,1.0057042989603
0.267423359813615,-0.267221281929419,0.0611308289550657,1.03744173654432
0.144731032331828,-0.216003849032271,0.0577726359588128,1.03518812188015
0.175300537659377,-0.21143395756829,0.0588159567050961,0.996613769161072
0.349787105776492,-0.275653253074882,0.0692639800762583,1.10712584858518
0.175898717524376,-0.121282493590479,0.0603838266472106,1.00097961211487
0.098645270818895,-0.176453320883146,0.0614263865351304,1.01571417395253
0.169290872810368,-0.0720612797389106,0.0518104164348335,1.03915366464401
0.230090328812603,-0.297702697852751,0.0646384458122767,1.02951652036753
0.222545580155384,-0.166872136094757,0.0574026143711533,0.987713148250277
0.116752597224221,-0.0707023120986496,0.0583262776972995,1.01995524319168
0.0891887602452806,0.0525764579499186,0.0583099148213261,0.999935730280692
0.151223369655539,-0.141521942296775,0.0563803523733324,1.02285764700485
0.212274910057165,-0.258581453705301,0.0589025109529524,1.01928686446504
0.275690358023774,-0.266292447799974,0.0549875019983618,0.972821604725488
0.163437589986849,-0.118867623721464,0.063231327190293,1.01973130391177
0.242477073153091,-0.228185162073461,0.0738814552315157,0.972621022503306
0.00544792489479856,0.0592808090785588,0.0626279687591096,0.982002044182143
0.172773814379207,-0.203204863530494,0.0547859176719649,0.991076725219604
0.243474376400276,-0.374282881715934,0.0488721758518898,1.00311078150596
0.239801050143636,-0.173333464598289,0.0685799188714313,1.02810642354089
0.251966508144492,-0.166835026125257,0.0623510464990523,1.01109937073941
0.161207054618354,-0.0979857932873948,0.050756030401367,1.03743916486449
0.174887296479178,-0.201921654583789,0.0695500258707483,0.968029871798451
0.340088196666459,-0.297473427173195,0.0604781190350559,1.0316529085426
0.0581480517753658,-0.086872391006988,0.0487227830262574,1.01001217957119
0.177724280105438,-0.285359116343663,0.0562885199022398,1.0002549329195
0.167484628603567,-0.256652437270749,0.0601549150923254,0.99567930765758
0.251362099223352,-0.21369657096775,0.0620589398015666,1.00301829071879
0.194541927888541,-0.166825120889398,0.0734620336744093,1.01490305616365
0.147433892576651,-0.088339363929184,0.0621976341526839,1.03190393177227
0.148042564743466,-0.222132970880625,0.0544356683371109,0.981922247171376
0.0890730036916013,-0.236696656749941,0.0563462228773476,1.01239738959547
0.123881806649103,-0.238923917598197,0.0642689358398486,0.991496173906739
0.121766357569206,-0.17536511417318,0.0726062599850995,1.04307340384431
0.181970859597994,-0.205030900047823,0.0670357720977471,0.938095503389686
0.261102661624149,-0.253421464840105,0.0632754888664679,1.01422831853671
0.28889791246801,-0.223208128897043,0.065748090631626,0.990337358451581
0.341857483895908,-0.284569245488834,0.0715916888054307,1.0546962239929
0.146451004223305,-0.349025337250827,0.0421335853241405,1.01299680927293
0.0613779516714676,-0.068182287202633,0.0562452079546375,1.00126914697691
0.181084977703031,-0.286869543791821,0.0412064222668979,1.03965178389594
0.141657275243505,-0.166584505876857,0.05796042800111,1.00824392912152
0.227080401353139,-0.123949370129049,0.0650955051074618,1.00904846568169
0.133595823522172,-0.0447425585053443,0.0530037677197855,1.00289661865688
0.139717945828286,-0.224399842880648,0.0498689786941095,0.996451140052842
0.310115322903333,-0.311728339496884,0.0700670230580251,1.04284094824158
0.267922686127838,-0.268996113860086,0.0522437066383629,1.03000688604346
0.18742051023805,-0.0657462704620858,0.0620210165812974,1.02438971787954
0.227420190668305,-0.155394165982006,0.0457803817874915,0.997539870582154
0.120628105026625,-0.120352765076134,0.0601193436836974,0.986035189162602
0.0925280708348868,0.0607010278892825,0.0579639658370193,0.930320684026333
0.382679150393871,-0.345412135959618,0.0589949546498676,1.02222335780355
0.0803220125217141,-0.0694554092188086,0.0668086932596544,1.01062443559251
0.199372252942719,-0.156037211814422,0.0574349106736516,0.960411874501315
0.269315207081787,-0.308651099221609,0.0552619030092789,0.981131089706025
0.252071066763691,-0.212263964939946,0.0673807911434634,0.958825349298498
0.272290483430517,-0.42232308071115,0.0702298143716029,0.929192505435403
0.073431034164386,-0.0602332129112065,0.0484934045142766,1.02643057527936
0.170065035304292,-0.208645975386867,0.0526787999202404,1.01111337934126
0.188390461877626,-0.223913096052751,0.0585144090993371,1.04835783980548
0.0662157237829458,-0.101765692318368,0.0637207724133379,0.989240696706338
0.234492406461767,-0.387535330538243,0.0517122193950068,0.941229772347651
0.159679511460696,-0.179983467182694,0.0663313528239649,0.984458720334914
0.136594448833069,-0.14937565701714,0.0606587992308766,0.968913324145695
0.390694268914239,-0.413468930539242,0.0696872148573347,1.02204598066638
0.213476114123064,-0.389519484346838,0.0573933026677122,1.01255299423173
0.115537309191711,-0.0796730844865644,0.0484550922172369,0.943612900282816
0.302030946524789,-0.326939615208335,0.0546991829035012,1.0261428176618
0.206269100886,-0.254584021513914,0.0588679315507858,0.96396576533553
0.151513281379209,-0.2369057144284,0.0538409453885681,0.987444115973201
0.187431659231117,-0.193543339899351,0.0660490143980989,1.00926215558423
0.241599908409489,-0.27581958551316,0.0609146576613612,0.981180030138258
0.239632516541845,-0.202884759298905,0.0604941086367175,1.04017498631909
0.179697816368715,-0.124132485447838,0.0575550134166968,1.00571227899603
0.275027790117618,-0.340786164390358,0.0732771572780675,1.03535791373692
0.177232320661383,-0.243567641267684,0.0707245050159983,0.991002491143118
0.123913383047856,-0.188791122922384,0.06078261179372,1.01272694837828
0.220272125353192,-0.329646867695727,0.0531863487003851,0.983471261163886
0.0663147328656617,-0.218225849764371,0.0592932337792428,0.983638743795612
0.0919840957296205,-0.054936746153698,0.0679921053328143,1.02423079018828
0.237073056760788,-0.24754176260038,0.0597362801863986,0.96438557933306
0.145686382378251,-0.246651642614028,0.0493137325854692,1.04120631563488
0.136253167361688,0.0489171149485134,0.063845435082997,1.01451429408763
0.0728174587219686,0.0546787751829081,0.0672955236577947,0.980101863157095
0.0408976779578824,-0.191958193531438,0.049126304351162,0.981395370122083
0.209882718440729,-0.0707387854906429,0.0538745750603835,0.970713967695362
0.0938039402414939,-0.23390829119704,0.0662451566512954,1.00139537431974
0.240512867164741,-0.310336359741666,0.0491244515812562,0.982220065119677
0.351536225703265,-0.306068013749348,0.0536719596923715,1.0255058462534
0.0631087073962622,-0.162931049094575,0.0526335611565239,0.932846967482551
0.155169033697337,-0.199772787960589,0.0614360756489863,0.982281922127285
-0.0192488665181034,-0.0508037546852292,0.0601579469356734,0.953660102412587
0.166966058172194,-0.17783849706406,0.0511920173105457,1.01624400835636
0.210840647702976,-0.313074157372572,0.0653943784048239,1.00658679819063
0.429331890579522,-0.300922525142859,0.0594749465100074,1.10447390892401
0.322003751575134,-0.244035783213545,0.0838913906015119,1.01209085772736
0.26306127242895,-0.185319346766622,0.0640279666894918,0.968627470403581
0.194091182688046,-0.143364712206874,0.0700018579480321,1.00115173068827
0.144811961280018,-0.0240374859551281,0.0449260706463888,0.972178346187304
0.156780558065048,-0.141445830969154,0.0631786351535728,0.968974446661491
0.0726297003967027,-0.0962582480920988,0.0588338662955785,1.03291295900253
0.266775515021202,-0.192473344524706,0.0556965906210393,1.000283899036
0.272032985691763,-0.198605905136808,0.0748713073991515,1.00234401636808
0.12840062535031,0.00721437501124996,0.0563311995233225,1.01026966294405
0.195351866319513,-0.112913339201621,0.0680707591225608,1.03165555900388
0.0197354348691556,-0.0182029822727899,0.0525355057561191,0.975847705247426
0.199349989492714,-0.220185921390832,0.0639163085719818,0.99617575790589
0.154778410861687,-0.205993734839979,0.0585162819251018,1.00439243539095
0.118107066331898,-0.233425975284591,0.0615699657511182,1.06926507888034
0.207565143210173,-0.271253708846784,0.0600809901946486,0.951795694979583
0.149779461324706,-0.0321092277965076,0.0695319967787895,0.946255906172769
0.181738079665921,-0.129481488013122,0.0499090432782964,1.01382182811687
0.158613919197179,-0.1368494238442,0.0567030484783061,1.05925308586012
0.199056748408689,-0.222414241304187,0.0631445947085942,1.00689492681527
0.306321177703008,-0.379453867326463,0.0579014501560189,1.0419540598538
0.0824819865206693,-0.137245639912551,0.0538089856775849,1.04855528525034
0.185929527793251,-0.13450375583592,0.0643754751746358,0.969469956631521
0.345230292149583,-0.456278741635067,0.0480215654613857,0.972852802846511
0.156564745133015,-0.146241032433107,0.074377967122798,0.998156746048487
0.350996930082801,-0.282883981390222,0.0672820809738222,1.02440295950635
0.213708768644015,-0.29157786814774,0.0591490657839719,1.04312762162584
0.197848896028863,-0.232383410231644,0.0574809874042667,0.980173817680445
0.318482003581512,-0.363332125623324,0.0548059428198947,1.00481462025431
0.277895280295413,-0.32520197728228,0.0674142882253101,1.02429054984569
0.181694897643858,-0.15786984972797,0.039710904445423,1.02969936621142
0.287197206651431,-0.372500305997231,0.0730955145463525,0.926690644731593
0.217815835144736,-0.138742347647105,0.0541200768260159,0.988886737884314
0.300871926195359,-0.319408083540631,0.0585002258878999,0.95838979876955
0.239920319294842,-0.0896494539578023,0.060131402129164,1.02514375815352
0.0865094153497953,-0.265338067413996,0.0646006302138013,0.998656306384918
0.205633604632216,-0.273879768240934,0.0519965696900391,0.955089667287789
-0.00338666918860139,0.0594705754865571,0.0542477841121577,1.04832617190742
0.291324614123284,-0.304026637406687,0.0620738519499941,1.0346272743008
0.269305832836151,-0.23388274653668,0.0661437854024841,1.01294288797738
0.213633492098503,-0.207934568294126,0.0600257738707021,0.978766299379419
0.210714364236942,-0.148981294474804,0.0459689133953534,0.998144478595011
0.114237959955444,-0.0505055584907238,0.0560561977480833,1.0245029341061
0.173738525568643,-0.0165304555278861,0.0593789176870273,0.999360200090947
0.240879657374601,-0.174583541911706,0.0682057049895488,1.03702081711465
0.250223059932174,-0.229158226587184,0.0725293949890746,1.02304191831919
0.215164024755284,-0.0838659497344504,0.0590830841273987,0.935703368505279
0.197210771296811,-0.145791295937665,0.0617460668479926,0.974493924099796
0.151424810101923,-0.0357172328461831,0.06525669893488,0.989341342791918
0.0959155472732949,-0.129791763207681,0.0648521590519414,0.975025800994301
0.162266814728443,-0.135987550931372,0.0679759939107357,1.03983806035773
0.0521393810991661,-0.0594859783482136,0.0655242515806006,0.991956385728241
0.283740243903591,-0.228945429800594,0.0523273312723872,1.03722286174883
0.192862020971404,-0.15946192326618,0.0519103087453073,1.052866677703
0.218233142136783,-0.430013133541656,0.0533764335603824,0.972127157266336
0.240295976708797,-0.30997541277223,0.0550724549075873,0.9792271654289
0.170161346065906,-0.0760396004748405,0.0537416222241977,0.986977689236718
0.239940922864088,-0.465235885175939,0.0513612517968052,1.04942605099459
0.165666870251968,-0.116283905302681,0.0575928597890031,1.05018419879226
0.12940424742889,-0.249323352337924,0.0538897879079583,0.963687758555259
0.220690111278331,-0.308571977582045,0.0575721848369566,0.991910071339483
0.228694484923369,-0.185267392181011,0.06756448717708,0.968900071842621
0.262564957565603,-0.157908298772407,0.0695696047194189,1.05374356623359
0.216702541211682,-0.15308650541341,0.0657206352176487,1.03581350518549
0.309217240106013,-0.338041144194145,0.0538941223810554,1.02795431456738
0.300618709987864,-0.136764213152121,0.0690085033393816,0.989027131246467
0.192157360359625,-0.187238937831914,0.0705024694771505,1.00518647484769
0.228733550530814,-0.208304071578443,0.0780523838636861,0.997627236653944
0.243724307047989,-0.33471448784798,0.0589102365811084,1.00062654323536
0.234214266853889,-0.159963203994082,0.0638930812284442,0.99286153379822
0.296919647943042,-0.22860410287126,0.0659170243645878,0.989208808738387
0.200919375141003,-0.171585644555863,0.0589930967503472,0.995729012406992
0.258998248580916,-0.275525485308262,0.0578543455238703,0.993910157727045
0.0573303492812921,-0.135037147111422,0.0582544562592889,0.985139395899311
0.114933150975549,-0.0786931203732543,0.0598076449490704,0.996428539813226
0.14031737507181,-0.0456433590445956,0.0459774899334437,0.943541904320121
0.213155122394134,-0.271654721176449,0.0646405151011728,1.0707673188463
0.185530089772483,-0.151022197978587,0.0728267617001406,1.00718246832182
0.266660802234342,-0.153379696253909,0.0631983146547327,1.02896583232167
0.169030632994601,-0.0291807926413282,0.0541695922151285,0.967654031172227
0.292422306423259,-0.202755997431171,0.069785193140569,1.03704920948281
0.277422829903488,-0.36867935331664,0.0605584830213288,0.987735181993053
0.238514807973356,-0.203167930145291,0.082511542682855,0.98233026845709
0.168155237130971,-0.244251477036116,0.0519007396677627,1.03442013324571
0.308881442421773,-0.343882935382776,0.0604167311646596,1.00179290841883
0.235898698941564,-0.273924813041256,0.0677439286586822,0.966214346671296
0.104023764801954,-0.0853089856323226,0.0526744041455706,1.02720174058507
0.193004717456987,-0.204698205012662,0.049634101969691,0.932205989750648
0.276674810549274,-0.383073992045684,0.0721094342198997,1.04822227461952
0.185318881088603,-0.322756823206307,0.0494458893315579,1.0133884329267
0.353753797859084,-0.332102537631643,0.0575061942699804,1.03381388112491
0.212310183403919,-0.166952706470099,0.0491993299283842,1.00315840325267
0.11728196541968,-0.127659325138972,0.0576628146559386,1.03563484437291
0.243434053050489,-0.147000905495242,0.0545387518901855,1.01248236551529
0.250070894926102,-0.331214988215359,0.0694847493931337,1.01066847650643
0.205410694179055,-0.197286076421644,0.055000224110479,1.04897824608374
0.31122720308503,-0.33590301983128,0.0580428008661246,1.01666149597445
0.368865152550073,-0.320525124156585,0.0685529893232724,0.981525107798886
0.139711207692479,-0.307447083990673,0.063432349210306,1.00319051346819
0.205282378528928,-0.0738585913824461,0.0560002703093489,1.02185791502722
0.153824641194388,-0.1695663397747,0.053010206073577,0.987692864819636
0.131115901257171,-0.128872302419058,0.0575313697029731,1.03420270857444
0.250054286862628,-0.299376518906478,0.0511521843797289,1.05484097081852
0.167245782556824,-0.100092789537902,0.0511348055107361,1.07899932304021
0.183325284068526,-0.241760170551779,0.0701103011524787,0.999750798570162
0.201552382679283,-0.177945367069522,0.0653412145056814,1.01280274155841
0.175610371721744,-0.165051365479059,0.0560231450131643,0.974445893236843
0.271779770684178,-0.139359722511485,0.0660261691234855,1.03826054725379
0.177817615516291,-0.280207694265601,0.0541174302836036,0.967291053459104
0.123010276571072,0.00987214696723957,0.0606961383433407,1.01498098178374
0.16126344462148,-0.156568515365564,0.0509962750544452,1.03293323873789
0.244209407986124,-0.309886747126715,0.0709704747229775,1.0161862459475
0.265799792264177,-0.203322067273,0.0732255622879952,0.96930127685546
0.384128007508351,-0.392937758130212,0.0574567051133098,0.978243846472797
0.19446988027222,-0.120432384920736,0.0520213569312614,1.04135004403798
0.35350563142378,-0.294175091958088,0.0617774826127797,0.964207299233528
0.227373881285529,-0.191408700898459,0.0587226557200971,0.988491300379557
0.145469209988577,-0.0634388675647413,0.061000115183098,1.00310964052491
0.251787493213879,-0.283849229461549,0.0647227201166442,0.968764637967523
0.18347178050674,-0.230397227188446,0.0594229584384434,1.01396826952417
0.134312443462936,-0.0704561719434866,0.0573307764295893,1.02609509267865
0.280290819690556,-0.200294426378212,0.0645146770075725,0.95690513795759
0.200045115462434,-0.390887761266287,0.055855741480361,1.00724910264218
0.270156598620529,-0.102105117384842,0.0651912590127692,1.00936698457794
0.197345209100935,-0.25884448497258,0.0624736803336394,0.943793334908858
0.17993970847393,-0.158095176953721,0.047483464790434,0.982976080534555
0.171675579037888,-0.0729521416482395,0.0698499383324682,1.00843516289159
0.0493469705848083,-0.216645309694072,0.0619071846897226,0.977718726296
0.251358719481263,-0.212692611408446,0.0683898325578746,1.01561643097113
0.2438370504886,-0.14440179193311,0.0604383485378361,1.01201978557457
0.355628153771158,-0.468382211464466,0.0594446673944666,1.07431156485684
0.15721732927967,-0.170857765531251,0.0580474171273884,1.03305303774138
0.333272796587752,-0.466821964980159,0.0632653238586928,0.971771915898751
0.286858936800581,-0.271005956524539,0.0853345015567941,0.976171741520046
0.276409523349645,-0.290387746037331,0.0615994310552935,1.0156160990792
0.24908108550736,-0.193296063300975,0.0645130534833967,1.04022276294121
0.225243652110534,-0.100166239088836,0.0669613793931621,0.988195495953214
0.178069905734419,-0.192592963993251,0.0617456195568935,0.979352730033562
0.310117395771156,-0.240763758596027,0.0583452109058393,1.02278068259645
0.00049843489313391,-0.0500748836284076,0.0566075957071553,1.04752668915081
0.32396899150865,-0.369833900981541,0.0565809153687842,0.993497790248095
0.252399599656159,-0.341434132694117,0.0545365051696619,1.04461859198839
0.0445327503457915,-0.033109863367471,0.0562037400819605,0.980002073046068
0.0857870960704048,-0.0824242081417936,0.0595723586336482,0.971870901292593
0.263407884441006,-0.286469737995229,0.0637442206309424,0.95669109267597
0.0782822895587179,-0.123934477942805,0.0472066997524355,0.994201479536423
0.308351835144491,-0.232208695344604,0.0643078675549598,0.992004470262089
0.251556401009472,-0.399846247195376,0.0551879059373025,0.99361260895029
0.146004600378981,-0.141365827626798,0.0563452782365319,1.00044363220531
0.393574447646436,-0.42892206375031,0.0588093113235106,1.0259541591064
0.183773085713786,-0.272288819530151,0.0499684152489557,1.0339316100082
0.208762652167738,-0.128471678092239,0.0825202461582407,0.990405866520313
0.176342525568756,-0.168783470794062,0.0497373921288069,0.990673420734274
0.179961511368308,-0.0820256681403915,0.0631693759973692,0.989549653536808
0.0877512208789194,-0.144409902412107,0.0653147717344323,1.00014091654241
0.178652201363502,-0.298103851985505,0.0558138337489546,1.00173417304977
0.190716674933548,-0.0682166750679844,0.0601831020377127,1.07493311621257
0.228631456933704,-0.160081888803128,0.056605924911866,1.0212432381685
0.28274337758893,-0.359144582003211,0.0488883682753293,1.0546264010067
0.243277794794184,-0.348392942443257,0.0565865232015954,1.04271434797797
0.296624535268501,-0.36079710689601,0.0561966045360004,1.04022258313834
0.26242889898455,-0.0573291743696828,0.0618548470282564,1.00960825694709
0.16678638711903,-0.179328643210525,0.06457352345452,1.01227711299136
0.192878437604576,-0.0762872477533527,0.0543863465297633,1.00860405241276
0.387299068788021,-0.362562145844594,0.0637026160124737,1.03321468423783
0.287618318418216,-0.38928728428845,0.0614211642165371,1.03098417633764
0.202076194335024,-0.0916406566870515,0.0723163185435913,1.0106310006233
0.397648652191511,-0.366319876818725,0.0657022190120087,1.0361320749619
0.176956583159866,-0.138365560627306,0.0564171111299698,0.955246968212242
0.146408835001971,-0.192554645318666,0.0559225051409921,1.0205834793488
-0.00339693505331998,0.0193676513369407,0.0629845836693262,1.04007424925738
0.0331250115336876,0.0554170245434568,0.0729123605006899,1.00110853808167
0.111632382795032,-0.264421528402328,0.0541204032889365,1.00013654823619
0.094027218114838,-0.147172059295727,0.0600972929086762,1.01791141676878
0.259813888394409,-0.128806576965661,0.0578163809357722,0.986619464988464
0.239094912427128,-0.171651051902765,0.0614586146622186,0.961106313352885
0.210442608776014,-0.383292819558935,0.0513247513406789,0.997352773491934
0.300725639184872,-0.362758037523855,0.0562843653504647,0.954216913132999
0.190593996132405,-0.200373314092436,0.0573875404466815,1.08086630147545
0.281766749559832,-0.268404923177202,0.0643576080613007,0.959750387744921
0.0414351992132269,-0.00880622530249642,0.0714054306289299,1.04538418102782
0.284193185606946,-0.330324280978511,0.0605861931710889,0.995106912162921
-0.0330025624439168,0.115333663788352,0.0488125669683452,0.928444744728197
0.205368193468794,-0.244169475579114,0.0507281954775413,1.09521991369209
0.318336835918132,-0.314856650568927,0.0563547812155891,1.0417830858974
0.0497009198183244,-0.014977029611214,0.0519909125033559,1.02321374961664
0.269869750649068,-0.273771332044662,0.0531409070389579,1.02980332721425
0.221761382819102,-0.19391859639304,0.0586484517050218,0.99258988405636
0.172122971321366,-0.127992067342036,0.0732214908545835,1.00893912606146
0.349822708841954,-0.132625195572447,0.0801751395788774,1.03689380027695
0.27043836738889,-0.204276370958001,0.0670596842926149,1.00884934901356
0.201279012278073,-0.20243083477277,0.0593167674304615,1.0093585781306
0.142227796337277,-0.263676019788805,0.0500534426732283,1.00590654660002
0.170845202762518,-0.2805580633076,0.0577339107966581,1.05002100826938
0.164723167023414,-0.176300011890353,0.0570281397609356,0.951886713609122
0.197511899167231,-0.18546844729468,0.059176944521923,0.987811958281386
0.224872772573409,-0.135544113935158,0.0673628266941422,1.00717568039175
0.279310020393676,-0.213629513446282,0.0590991121529733,1.05052432924511
0.268842922719017,-0.276275364415863,0.0626265063577185,0.974404368454968
0.160291112322888,-0.140855451361429,0.0583628704800392,1.01300762185277
0.242213333090586,-0.15692212948216,0.058527103903043,1.00747214362879
0.105124580990541,-0.0477088131120813,0.0644948218030474,1.04089434114898
0.218133858018029,-0.0979383596308295,0.050210175881752,1.09454379299019
0.192256802652017,-0.129854700844182,0.0606200951614415,1.02452817386638
0.16331745371092,-0.270615862424476,0.073084059468027,0.987514412424059
0.138796471745463,-0.128695583774573,0.0600563201002944,0.975333200394532
0.141544832986914,-0.0961396018920391,0.0510823490863412,0.967724875163733
0.177340730173359,-0.225863041224807,0.0572545422633532,0.985736317757517
0.113229731616969,-0.0214002257458355,0.0522497434558487,1.02010186457061
0.245053158152492,-0.052885195672306,0.053493834627765,1.0728383207374
0.238534128977168,-0.225902880605569,0.0631462834830465,1.03319987495086
0.320781312010627,-0.252577674425939,0.0722813615154135,0.971649718199891
0.223420216130291,-0.374977913171477,0.0676893043337359,0.955619675315922
0.292330551172187,-0.272768094518759,0.0731949453522396,1.00358353500133
0.355564511040062,-0.325906942621319,0.0603100831785965,0.988620042982038
0.217511088251794,-0.292020773006135,0.0610968647030954,0.964424468423797
0.171721000339032,-0.206423349555602,0.0502920455424658,1.06037637395218
0.228439513251466,-0.138972822177927,0.0479644774785396,0.977643319578528
0.0705154095857973,-0.114414081342488,0.0465994564070371,1.04955019895613
0.119907118699456,-0.227787194428064,0.0534412556844891,0.9815992609425
0.102717821200557,-0.227030892109889,0.0759895941560113,0.969383312478626
0.191853510875977,-0.221818126496408,0.0723215298081619,1.01151114964136
0.230079799675734,-0.274224806296338,0.0641631221759128,0.975204133710423
0.041544254293929,-0.0173078678142005,0.0573067076231005,0.99395096172221
0.257650127434368,-0.17255179458905,0.0658217863035088,1.00092394277014
0.273480964587927,-0.34195664005652,0.0568774817265887,1.00466730568419
0.302121504463165,-0.23075303074741,0.0658947198358824,1.07495688482944
0.176671482811735,-0.282291651045522,0.076035867964726,0.989448190159651
0.294373374706027,-0.328286449437819,0.0549045864754997,1.00426451245343
0.197505213698757,-0.248486351913102,0.0566779194078598,0.970128671590803
0.184485468506765,-0.0559355005533122,0.0536669179611308,1.01436158798398
0.153805085158025,-0.209680075573858,0.0587375660218502,1.00070341220304
0.135551058838899,-0.16004193962644,0.0524429769355658,0.956258317242809
0.351494246942776,-0.210059020161391,0.0577688979491873,1.08533936450614
0.309805263946855,-0.314467392245272,0.0560012492887974,1.04636183271221
0.197114147904619,-0.192182716139661,0.0522489843269411,0.986211404313579
0.301407749276071,-0.205027470518544,0.0652576158263749,0.954667252283041
0.338976430416388,-0.391587105732624,0.0560227197350465,1.00921939407351
0.232685132942265,-0.377160309835126,0.0494951978790124,0.982319097290153
0.300409142053292,-0.279691701636706,0.05538143856128,1.04467095321082
0.15482072443228,-0.220663680356085,0.0542324082674279,1.00702632281629
0.013601258521085,-0.0677236089173793,0.0554571664392413,0.974471713885052
0.299350519290552,-0.259546669475677,0.0677179452872446,0.966326381054011
0.208585222271456,-0.105530578025958,0.0634535558226239,0.992759050927309
0.110251515809715,-0.285172834108788,0.0525538555683644,1.01447491927581
0.0135116668081889,-0.188191705253352,0.0501373747741301,0.961879918365353
0.106466604815487,-0.167183749954531,0.0560662554009448,0.996740817797462
0.122239008907159,-0.166695321543123,0.060366543603209,1.01226463874326
0.373930914110952,-0.368213508238286,0.05279463623701,0.979971860562464
0.0982591711367978,0.00785078592873554,0.0626124026153277,1.04572747685518
0.31107935112535,-0.349356431628192,0.0619427107957584,1.03645450193342
0.135174674131197,-0.259695556680719,0.0615481853162256,1.01330785792425
0.292515449791392,-0.19547108712379,0.0495630095910012,0.975327538758874
0.272480740660501,-0.313935701903495,0.059195865612951,1.012415526639
0.261653523354448,-0.389190464872955,0.0608538968631877,1.00776797442169
0.266773982031212,-0.173068381487592,0.0531922360091216,1.0691877872521
0.164302041935819,-0.0687692872942571,0.0617914464548286,1.03495338966624
0.178637421853346,-0.140575863164328,0.0689742511266271,0.989948046637934
0.220835231214411,-0.18169791812344,0.0546949770841801,0.973130818255065
0.170588891320062,-0.2576843800794,0.0567488311871171,1.00698126299655
0.158159656978662,-0.135119325096933,0.0556314180048816,1.09591527876077
0.116930480163521,-0.00650243938829114,0.0705357846606073,1.02788183526919
0.145624532599956,-0.256844400731999,0.0549227858626411,0.991996972117884
0.236963654202482,-0.187255449027287,0.0513332883027876,0.999373491880489
0.23736924919256,-0.117413279045143,0.0708657995243711,1.05550578236453
0.18761139897733,-0.277281390155144,0.0491874703745075,1.04669006359651
0.212353291592519,-0.207247787300658,0.0664094339397969,1.01566083502473
0.223772873882679,-0.394867607302628,0.0540445118910197,1.04670080899977
0.0476551620129129,0.0249530215377264,0.0653835345458243,0.96935605393227
0.141629333622842,-0.198827997150305,0.064986262918121,1.03599077619317
0.194934271956283,-0.264967440035457,0.0613058028831488,0.988755927296985
-0.00242435860932956,-0.078626954800857,0.0540815876623306,0.989925078679493
0.135877772277997,-0.244573033501131,0.0548898996402314,0.975415625042312
0.118321258961066,-0.180733396068087,0.064927154306678,1.00475706970916
0.138168165381,-0.0458928674582143,0.0616304729262201,1.01572586797764
0.258163432431483,-0.128510829615414,0.0584501164433289,1.0442158421434
0.223831031331978,-0.166819460422698,0.0700932359868563,1.00681401930509
0.228258513072128,-0.187149775789984,0.057418878238347,0.998993240229445
0.155167805498631,-0.230260555312201,0.0548417311126497,0.945432771139757
0.376056070418521,-0.419261046547235,0.063756472061317,1.06268222459537
0.144319660671265,-0.168793243170518,0.0548950533458495,1.04165171213815
0.113427422036366,-0.195127910930849,0.0601706616040569,1.0090421310611
0.247260204180123,-0.156606797459771,0.0511948463435771,1.02488823276136
0.0926385216712595,-0.0629160334813963,0.0575071609946124,1.00806322478446
0.200474248332984,-0.10828720881391,0.0590179167940711,0.974041516187321
0.272287682125807,-0.333946293194796,0.059875574446815,0.990853258115851
0.209597150443421,-0.0591741557748655,0.0616315189036359,1.09474520947506
0.284964137107012,-0.265908472449625,0.0548073543806508,1.05959124420175
0.233439509408033,-0.140882500397119,0.0538498782766453,0.973770244290139
0.241680455228838,-0.233283978777932,0.0473806549515547,0.983742627024878
0.0399348006252453,-0.0310733409289959,0.0539060860243613,0.995532515281655
0.169181815188484,-0.266161930040968,0.0570779598977039,0.946441615257711
0.131453842626623,-0.228217891897619,0.0617485332726563,0.944274915909517
0.186955318044486,-0.148874701978322,0.0692887274304384,0.97381794526149
0.0586699045332381,-0.0991747891934085,0.0682991269757528,1.02698354684901
0.154927805153526,-0.108267515830389,0.0584104972811079,0.989443378928935
0.261016819969269,-0.195214404489846,0.0737025318681113,0.983878434884325
0.17146545113711,-0.13906362811559,0.0600799939388304,1.01396560462347
0.0546837593355058,-0.126791901120788,0.0641379889127681,0.996545986043415
0.168095208112164,-0.135973239185413,0.0556184504478601,1.00729349361084
0.228918330149576,-0.25176928632144,0.058278030688246,0.985473165505151
0.327135860665625,-0.24682743021171,0.0649159279890658,1.02236122013516
0.285547055101764,-0.234674942249674,0.0498331832842331,1.00321854632788
0.172784373053641,-0.0329100645649498,0.0468279366391155,1.06624453688086
0.20964434743321,-0.272192569356487,0.0544861350553885,1.07837230686637
0.0447908059467395,-0.017250048707956,0.0548734188694319,1.05859446024427
0.20712945514449,-0.147458831990976,0.0588958607110976,0.992280918634688
0.189334897194524,-0.211649069647344,0.0692176156143551,0.975352231527913
0.129126502324246,-0.149869639027668,0.0620826396728387,1.00174431227872
0.228488794862796,-0.325303777622558,0.0615172580066268,0.957128514236433
0.234519525921007,-0.432225387758557,0.0534060404922833,1.00419827441091
0.226731024536076,-0.253540595464342,0.0565589517856801,1.02995344114318
0.319310363276131,-0.283141093689652,0.057553954357961,0.99315263061867
0.125872394366206,-0.185791410870021,0.0756092985798684,1.02604020979518
0.293405623576243,-0.163351587318921,0.0652353337900614,0.996006743058977
0.133839411481044,-0.186869917783349,0.0492679264252255,1.00588341930247
0.112963424408695,-0.172417328673985,0.0552276184688288,0.990784258185516
0.249356975398086,-0.317128284849565,0.0756380788095366,0.97401115137029
0.194786952005686,-0.0301237826980981,0.0573072078301066,1.00751716362683
0.297114880205951,-0.147145145328329,0.0547698396552952,1.07337023733981
0.193017226354206,-0.263569029714217,0.0583820501607134,0.957645575487188
0.264900501202731,-0.368480768547145,0.0690336429287784,0.982182653647185
0.104845805340116,-0.0083493528912851,0.0547524658799161,1.04875207279414
0.242287580361959,-0.13717842273906,0.0695446639476032,0.987385336368213
0.196226249690716,-0.421175319249686,0.0649702780905009,0.983904311289752
0.198100542590314,-0.270177063306295,0.05396541440783,0.958762478674757
0.207822592705258,-0.226110023027775,0.0542504864472075,1.0716058481483
0.277094055945643,-0.301704668367055,0.0639170557624446,1.01483295363755
0.32356443209304,-0.511568668165612,0.0610513333179326,1.01333694009793
0.162338263934919,-0.131113380772043,0.0523876031363959,0.972750955229704
0.181830480183486,-0.222588313294522,0.0602517196453184,1.03915905475542
0.338017344992412,-0.340718635504615,0.0547035673194507,0.96468502928439
0.18660763030868,0.00672954042504034,0.0752794071233553,0.989743440989591
0.155591666086507,-0.142199407855817,0.064311993799993,1.00603232544108
0.180551008668852,-0.104727679162942,0.0521834596542057,1.01372232991892
0.233951124156714,-0.185591083205905,0.0607355214083614,1.02533192178025
0.21096395247936,-0.0643034926308419,0.0604514755308477,1.05206021460107
0.0849634336178488,-0.203817038725759,0.051903435090434,1.02685930562885
0.0578767098855808,-0.114144056684794,0.0597573096281421,1.00087562256707
0.328637309019262,-0.351226229154736,0.0551914118352669,0.992130120631555
0.116462989026581,-0.178929953102448,0.0570602037045139,0.977520098631223
0.21761067072051,-0.178553012987072,0.0587962915614045,1.04487978854996
0.112526922592652,-0.0992759834404289,0.0632657728779587,1.00637400820722
0.245631299553471,-0.215854574334327,0.0646975048872717,1.02789078947568
0.183017191145683,-0.0619615934209208,0.0562572634843308,1.0023987588517
0.100749311788375,-0.0642603909442589,0.051683864879583,0.98310146867154
0.160411775207819,-0.117530114693838,0.0539919887059912,1.04261773830935
0.107818851929043,-0.259367257018014,0.059616034004735,1.00443145868445
0.203148944738446,-0.167656772760938,0.0657725015773372,0.974717261766517
0.266515070962802,-0.118568092719389,0.0664387252670839,1.03143391529106
0.265909167444466,-0.224721545251041,0.0480631049833124,1.05869945205844
0.211764517883653,-0.353396725472862,0.0564482397436831,1.03761686502674
0.113501665030158,-0.0137682311715822,0.0462772915210642,1.04485339821241
0.124313211613667,-0.205610919848333,0.0601671422139822,1.01566311213265
0.0851813872409635,-0.101750283598685,0.0497341650160631,0.991348918898388
0.271053813959213,-0.281602086334887,0.0591924081933816,1.00706659250836
0.160536357985176,-0.180862663517583,0.0555528742361967,0.960472509156167
0.277213411021941,-0.202076047538509,0.0675425964163499,0.967126975140771
0.226888608629581,-0.175878624811362,0.0589820525821169,1.00720383398112
0.130497152522287,-0.163827593586487,0.0581007150590857,0.964840006491538
0.0132532474818532,0.0159170140628098,0.0490057013072002,1.02555904821821
0.208603614647707,-0.197019472196053,0.0551259406520079,1.03390142291556
0.213183232376427,-0.292293357621534,0.0599896628227225,1.00295438611024
0.0992798775880274,-0.0865136211471303,0.0711271695057657,0.993359017633646
0.157973072302125,-0.217333790675698,0.046306517513996,0.989360445218092
0.134537278228615,-0.178334510748168,0.0596229109528259,1.01364392617448
0.180040738668836,-0.224758791722847,0.0583564770402962,0.962994039236242
0.25588283790866,-0.269325982726255,0.0681539432330355,1.01162451199049
0.115138380314592,-0.0639386535814676,0.0586323327797498,1.00917383546163
0.24005628691606,-0.361847396692027,0.0597551448399671,0.991815920233955
0.161382144356091,-0.187639127383694,0.0544123815778622,1.02077661789826
0.07073858861408,-0.017402104926213,0.0628151710814296,0.953277117374677
0.274046069148195,-0.173800700587663,0.0644344475301496,1.03117012835968
0.17010107736643,-0.239743980084738,0.0551969526163992,0.930500088537596
0.186225470039525,-0.228272154637047,0.0691720686250358,1.09179801848144
0.237461862197,-0.349713939537895,0.0653726657527629,1.01579970977364
0.28810787830478,-0.284093208078517,0.0618589318421213,0.993587496117511
0.220182275576225,-0.102915109765326,0.0587835806027568,1.04649543035139
0.220851983929001,-0.230351705502419,0.0619541322114232,1.05134749513524
0.273518194846052,-0.251633978049765,0.0656598667728803,1.02418197933173
0.25224483435788,-0.283978363374375,0.0641221386743112,1.04390697326274
0.274089797672333,-0.316808863139205,0.0540753898541394,1.05929971050695
0.341365103521204,-0.309975169017977,0.0515298870486599,1.08245612603806
0.180552629391927,-0.176831360208306,0.0749524358796313,1.0059751523176
0.20662358222492,-0.211314276513751,0.0634064086601633,1.00179435034841
0.110313240612621,-0.120641258758441,0.0619764888543169,0.996733571795867
0.364510351027471,-0.318422879997205,0.0569604051807304,1.04218706011883
0.212799452917236,-0.195134774021242,0.0661831845849809,0.992776698061446
0.340325400552274,-0.37513460014631,0.0460060738812755,1.02060794376283
0.169504293448482,-0.225942542530485,0.069925953702638,0.994600838271142
0.21878198947338,-0.169394595205847,0.0712376031833807,0.982627590760422
0.261712670131747,-0.405202238065761,0.0582516491074639,1.01856663863189
0.187188712777862,-0.35860674395813,0.064090668319181,0.976151626417141
0.333107606061687,-0.307528887263845,0.0596715830452829,1.05523306230651
0.239868033609991,-0.174116312110589,0.0538855533947234,1.05777900539001
0.292355048190735,-0.328977939431511,0.0601389239851324,0.987191431909443
0.307205924221781,-0.409553149978698,0.0576858593944115,0.991525986888958
0.133412778910656,-0.0510285867091925,0.0603166074047528,1.04769194955474
0.200375118764852,-0.224960008022177,0.0527104660003124,0.997852185957034
0.312700278111211,-0.417774695838546,0.0550701854717995,1.03426454332249
0.364830559088552,-0.287227734368683,0.0616324531920866,1.09141175705357
0.128672803214733,-0.0694294399260288,0.0567464190558521,0.988071973523266
0.0927675706936055,0.0123928772861453,0.0637351127504567,1.03754433593963
0.207813378354331,-0.19558073517341,0.0540338104109882,0.989509581566864
0.267875453877423,-0.292813397976377,0.0751728619574717,0.985362211428587
0.134213174072025,-0.286000859080036,0.0527984142856957,0.956585239613562
0.1926500950339,-0.108727730940862,0.0668681050552723,0.973724393760592
0.241931513586608,-0.179895815445701,0.0568070539452501,1.05363686441539
0.0661082182338905,-0.163295063549922,0.0495255442741551,1.07200153708064
0.19721174975572,-0.212632718030709,0.0685789600574454,0.975110940453873
0.219918879947874,-0.16845010254951,0.065242890265081,1.01346098044118
0.154793614558752,-0.0885087882692449,0.0667863977007963,0.971052095407554
0.249339394251348,-0.127397057923655,0.0607639537185943,0.990016193419281
0.230214767952819,-0.276384856528922,0.0592307253234328,0.988537333957148
0.263973165221732,-0.272195607388523,0.0577004651159977,1.09515517515757
0.252395890156222,-0.124092863048481,0.0903067000319533,0.992022535631889
0.26456881199727,-0.251759247669488,0.0775149129596818,1.04214322728996
0.235448262853028,-0.195722731056145,0.0448064390187395,0.99952838317203
0.149515412562738,-0.0562289739411085,0.0587597324187527,0.999659165598763
0.209378417584625,-0.0229250082556706,0.0643544783248297,1.0001444355098
0.234352170160647,-0.234530586813517,0.0908722590787143,0.963378132232292
0.185262765925879,-0.280760008510313,0.0549057812595109,0.98669008382556
0.188220119093445,-0.223908912179567,0.0640212468955037,1.01493117728019
0.0829277114834037,0.000180909171417922,0.0571125800633941,0.993569821148951
0.285744227115206,-0.339244202175573,0.0724657898921816,0.982688811476257
0.134233059001721,-0.106287833646457,0.0531398136659147,0.999585083823488
0.157111204437583,-0.180444113157686,0.0651710077756177,1.02156674780681
0.158222799922146,-0.0877879444779117,0.045607074942395,0.991932234901005
0.142399153067339,-0.183727020822772,0.0600812261583069,1.00960711587849
0.125499627434226,-0.209714702996725,0.052218042875798,1.02508508545763
0.250629224139003,-0.266643307410533,0.0537554129090835,1.06268359778934
0.224187742734411,-0.250896272728122,0.050163209217228,1.01979945264421
0.128443671721363,-0.121850248541032,0.059593008328175,1.0149319168527
0.322725051512815,-0.367805966560691,0.0631368721897715,1.01256981101622
0.256126013332663,-0.246300819663854,0.0450794823494086,1.08895243446258
0.196087088065668,-0.211405922625928,0.0579357099831152,0.969607774933123
0.193430022337051,-0.187119074720849,0.0625155752236238,1.00629154929489
0.279817211605531,-0.188861233311786,0.0750294835794816,0.956674973781182
0.230835894287248,-0.283876904954582,0.0547884686137111,1.02877154639564
0.205136297676069,-0.27895774919106,0.0474403632052456,0.974540899439172
0.215222118874715,-0.20977302314781,0.0664853456494201,1.08169999069074
0.0978567985994081,-0.226451251731685,0.0524490729461136,0.9570671515856
0.213318835830009,-0.264381372533237,0.0488202258223831,0.999349125802113
0.283205442279811,-0.280873167116844,0.0693985275790763,1.01141173793988
0.181330265464637,-0.19182216410065,0.0531019618414269,0.985314254062395
0.164573435782056,-0.176736630710449,0.0555809814457639,1.04494045689308
0.11367306009738,-0.174414631867128,0.0635341351228978,1.01706351997306
0.295146708238432,-0.450679464908077,0.0548219427866498,1.00563181364979
0.271311670190438,-0.375271502139525,0.0554208752779646,0.989167606309639
0.318856825822675,-0.449883690046497,0.0565965365994088,0.976588120394871
0.183946287763167,-0.154106317703203,0.0656900505894825,0.985854530343905
0.197948364856943,-0.240607885833678,0.0673980794329394,0.986549691489941
0.0997850122065112,-0.0386720306350952,0.0628134312571592,1.01489584466881
0.299409110389926,-0.204602316267049,0.0621686307842378,0.975814726928833
0.2843076449934,-0.249158200928443,0.0547457015181062,1.02078789591416
0.268865890977526,-0.383900482188089,0.058361573442027,1.01562384184724
0.13499889127333,-0.0572046901469607,0.0609274359770583,1.01147868429585
0.14897074033555,-0.0292697720009459,0.052437235351319,1.01338545783765
0.2092806154551,-0.115296800048785,0.0564371864208359,1.01099889983351
0.103587151897536,-0.12549496408206,0.0629297267025016,0.995498774806122
0.271819496995894,-0.291148160016143,0.0531204144144589,0.997746875102051
0.115266927353552,-0.276594252734493,0.0483490469977369,0.973562714533313
0.176822061528751,-0.148468995932786,0.0653958194117249,0.956998127179039
0.251640662727006,-0.307827185555036,0.062835911974887,1.03880870966066
0.293516082666422,-0.268699707717344,0.0639196596552392,1.00918671732878
0.23507351234312,-0.215130715987863,0.0560873715952876,1.00877916754616
0.223926768639749,-0.191829661557239,0.0618330453287533,0.962442165184751
-0.030114780023035,0.109609424021074,0.0527675207670364,0.946262323371508
0.341313624939542,-0.351915454988146,0.0682714150607778,1.03776498626107
0.0896799853822547,-0.091754465333019,0.0587818670517958,1.00554937489414
0.191482689078655,-0.148674018788989,0.0621703400813093,1.04405577528706
0.115644106138955,-0.11173023383142,0.0485785767232414,1.05787481099378
0.26461149031242,-0.226436118357619,0.0507274847075518,1.023410706911
0.235654545660088,-0.134559275126362,0.0595391604399538,1.05031872078601
0.145000726789555,-0.158061006485994,0.0551245746411794,1.03120566961213
0.0485099228608273,-0.187002258334124,0.0598946266315019,0.98579634574278
0.269001207435485,-0.255013407272795,0.0560513634155405,0.954265512821522
0.234787869172899,-0.0879524335620766,0.0526983497240231,1.01423427662734
0.209645276984253,-0.198893122922355,0.0607265587551444,0.988111197104493
0.14565747049706,-0.330280456863872,0.0650438965302801,0.973732466057928
0.237096255732766,-0.277079749942793,0.0617487535637314,0.988799465456781
0.23746588871737,-0.146549716114932,0.0930809335835928,1.02200637517315
0.317380812857314,-0.278637074803151,0.0631855708467313,0.998265849129685
0.0799055518585056,-0.105237466255705,0.0627640077943501,1.02314228958796
0.237793696795396,-0.340226964937898,0.0559956477588229,1.00767672657179
0.321280424355351,-0.341552002430786,0.0514026517028571,1.00839590434183
0.152238552393959,-0.131309981198867,0.0612632725527851,0.972311747619431
0.0973002657336672,0.00852779118747652,0.0563738212073657,1.02760026543715
0.232648170610722,-0.126836774766165,0.0561908084258686,0.974823013737949
0.313305123359452,-0.250731255694804,0.0539205130857734,1.05164832321925
0.193313350882261,-0.252622419271051,0.0481548297547359,1.05366239194737
0.256545937612018,-0.246353881630197,0.0672262747226178,1.02792966577739
0.128899896088321,-0.0778096426497604,0.0672242000154132,0.991336877039674
0.225629792006802,-0.293832471338899,0.0530894298424086,0.959098508479866
0.214353191328072,-0.131931497872282,0.0467257567826152,1.01577884755533
0.274488637206544,-0.245699149300509,0.0449505011430261,1.0498541236155
0.189170870238914,-0.196711104660104,0.0653955494633382,1.06333205357472
0.166508842050394,-0.188925470105892,0.0611382074670834,0.983719508293269
0.104776724073692,-0.0724316055068125,0.0651507659187352,1.01527675652622
0.280082597952709,-0.331520130198999,0.074677389924974,1.0170216127976
0.198823892214463,-0.210509596852168,0.0565479785233251,1.00227914293561
0.0931938824446134,-0.0866905580241491,0.0440471070135735,1.06929458551508
0.152649393160574,-0.106302333520595,0.050019096738894,1.00578750836883
0.158279875426043,-0.154108469304821,0.0427383089071578,0.983923598886339
0.143711563848345,-0.104944853679095,0.0467580277170068,1.0128162443329
0.285978848676013,-0.29594711787374,0.0593205580113346,1.03697047337667
0.323908780091544,-0.367877974007188,0.0452561348537885,1.03138747170013
0.193156964041559,-0.0874821747917322,0.0505130367199811,1.04604182757257
0.291677139613174,-0.19949143020722,0.0676077265733432,0.990269524604154
0.12573429857204,-0.0702527657939528,0.0553077612510403,0.977486735725769
0.0848837565938235,-0.164973150328455,0.0583834897632561,0.991288610926735
0.185940169535687,-0.112942685098594,0.0543690832473571,1.02349284199346
0.37149582780113,-0.151292846370108,0.0746499517324814,0.934330503153975
0.0899265557597189,-0.0958994633098869,0.0511014576920454,1.00957424117125
0.163313334834195,-0.103612906321327,0.0683648945200259,0.991787667805454
0.198376548705651,-0.324524478156067,0.0555227282739442,0.936623831593962
0.170528396014347,-0.25868971812576,0.046738075038396,1.02760348074332
0.138543345372842,-0.0752210631562124,0.0608202317369034,1.02514329497347
0.288644494938085,-0.239197313727965,0.0741295636276923,0.984876546159103
0.139327766381676,-0.145217733216487,0.0604410644097818,1.00817394986141
0.303137196756741,-0.434680233281997,0.0655603186721362,1.0171185356323
0.166404838205619,-0.261708080231994,0.0549178416208245,1.0587855763117
0.126859737979205,-0.273645210285307,0.0631030403120121,0.983373343941203
0.096085376648005,-0.0803288445599192,0.0543546392206544,1.02075950566172
0.0308163499116304,-0.116224932441807,0.0444174240614607,0.947057089590321
0.232760233223271,-0.346671843926823,0.0700402766862853,0.982199727260633
0.306490044965093,-0.493401356626008,0.0582380926004703,1.01938541562006
0.178887467731451,-0.185134497501894,0.0616689746069908,1.01158169388391
0.247530880310766,-0.152738346672474,0.0622837201895002,0.986396839189276
0.1144698884703,-0.322954331572339,0.0545491171176711,1.03665187817837
0.0806502986738101,-0.0348392267981284,0.0652265682768626,0.978600584458151
0.036337718713449,-0.0684013251531118,0.0517444535453175,0.972271509330224
0.0346314729924982,-0.107813170141608,0.053443312394081,0.973887193301454
0.144629561834933,-0.18075048896653,0.0548280317877436,1.01573966512131
0.245874711367493,-0.183542575339474,0.06597862319593,0.975110605497875
0.137052495631841,-0.109808194920447,0.0466443104537757,1.03864852863116
0.297430294842325,-0.258502926660543,0.0795086227084767,0.978019310896905
0.209799781787196,-0.279796629824227,0.0573024587611773,1.01308386587264
0.16236280648862,-0.305787741598145,0.0444015383772567,0.972307648386672
0.0700550185654758,0.0106763322691883,0.053174128444191,1.02903091293553
0.180891048869913,-0.34671166507893,0.0572682284195068,0.993674996901217
0.137401206866588,-0.265907677162561,0.0594280475187382,0.992589042937224
0.154598515206475,-0.23562449456515,0.0423102376474431,1.00202004590729
0.310640197240363,-0.279286347198611,0.0701880808372505,0.968686123591868
0.170787904157549,-0.244276744293791,0.0537008634326924,1.01411672296675
0.302917078756607,-0.204408402322476,0.058542151671072,1.03752068741899
0.190964688835925,-0.278268212015195,0.0673379265765305,0.992595582314497
0.202412068280717,-0.259891944169433,0.0609973984287102,0.977525354634795
0.0403218325815382,-0.0798172227858875,0.0604396257949123,1.03552451078212
0.0827937819556519,0.019244551320957,0.0562470003867847,0.980563919765644
0.217030923876661,-0.205752379864923,0.0520423973898549,0.993141217379316
0.138859651363493,-0.057494141247466,0.0500281687082425,1.04276105636329
0.193830858979128,-0.311081340050643,0.0565498082758685,0.979649522423001
0.32954492538757,-0.305355878425847,0.0686815899210676,1.02946164957567
0.141889909976219,-0.157393463503096,0.0599430190880425,1.04682023647022
0.342815769328874,-0.342887721586104,0.0657560855321037,1.03374915783179
0.208995492412026,-0.245537900739006,0.062529162940547,0.985312630202779
0.326616464401334,-0.436520990365119,0.0521337300504544,0.948717264237901
0.230458755884337,-0.295699861351531,0.0585135296207729,1.03191865318346
0.238260305285993,-0.182178488806001,0.0521386674891415,1.04011532895182
0.268925551202342,-0.294047226956525,0.059581653900617,1.02000342931282
0.235728045118085,-0.219639031184624,0.0643230723879394,1.04005219625695
0.0722571898362972,0.0797399224191232,0.05795172717336,1.0284827510035
0.273235792069184,-0.143202743462656,0.0661293810674585,0.999324876966399
0.328080452642562,-0.589644047752381,0.0568762358945315,0.966096146665868
0.198298656582996,-0.208486131425446,0.0544066347832535,1.00774433539471
0.266551041172583,-0.313220623490248,0.0468625771105868,0.983452906021711
0.225915175208503,-0.227787260960847,0.0499836566508593,0.974387599466098
0.35705768991094,-0.26343109948989,0.062769694685771,1.03422692536122
0.130063482159829,-0.102856536282576,0.060268655529691,0.981119956803127
0.323107539717773,-0.434830040010316,0.0487719277492132,1.01748587055916
0.189715954693039,-0.400835116162154,0.0661699406090949,1.01235095896071
0.249429229357813,-0.36935138314363,0.0626852687849896,1.01987127773504
0.166347033631132,-0.172019902292068,0.0592828390201545,1.00051606412219
0.113977969386923,-0.256130020230514,0.0512434104685213,0.971941411420128
0.251977341423075,-0.33597497337228,0.0649934837839513,1.00220869590771
0.0822004496580734,-0.136134622871997,0.0573074025094579,0.932099906105098
0.121102290622629,-0.0711835615375877,0.0533042498860926,1.06257714965648
0.229858228963177,-0.21865539379978,0.0566676415909474,0.966798413727981
0.134918492345938,-0.258124345861093,0.0528475500884392,1.01825233573069
0.339966860546388,-0.262644282813526,0.0623335096856091,1.02000990389234
0.293809197259654,-0.298469631646551,0.0569770046206648,0.985633971674361
0.182756862673201,-0.267967149152081,0.0551094168573403,1.02519616551524
0.188746138272368,-0.130431523497951,0.0711130241199642,1.0207104618521
0.0644748781180722,-0.0602636682058241,0.0642529814610589,0.990878725403619
0.285215865654953,-0.228143618216065,0.0666129866742946,1.01457714730275
0.128518515010075,-0.180591515989033,0.0521885868277255,1.01259754330661
0.0213145656918209,-0.0603744236120939,0.0723229823909374,0.960236580072134
0.196003826892143,-0.129203855361202,0.0667783307842772,1.03778547506425
0.0920052564414301,-0.0915517027219202,0.0649397300666148,0.98210114469906
0.250003505349192,-0.161204392462818,0.083399076779735,1.02116417279588
0.0949458309251063,-0.151085162531867,0.0548009897275977,0.975331632608902
0.126768765631773,-0.0544728669757746,0.060006956229219,1.01055878538477
0.172836757928878,-0.156636458803194,0.0720176702289299,0.992763974799413
0.178984052004696,-0.341718925239745,0.0615947461635083,1.05259661729478
0.0417301081764719,-0.0764034692197266,0.0576851966441787,0.936622793662731
0.218209812014906,-0.193697691754275,0.0536448378837218,1.03096031401222
0.0427932264487374,-0.00207254411914208,0.0469584301179293,1.02580418336516
0.137793858362601,-0.112593603261798,0.0651482962042903,0.946196079920115
0.223665968597137,-0.289663791680672,0.062512817385982,1.04598888791121
0.162018772468217,-0.162167543680189,0.0486612478505003,1.02838770675753
0.285251087062533,-0.370271179126661,0.0548837065710633,0.974040168532746
0.134605614536098,-0.161041338015415,0.0464403316435108,1.03115453047751
0.389923298602557,-0.278910758312795,0.0803715809070298,0.975777741281931
0.227139706234301,-0.293579458290875,0.0579040232253084,0.983879389415342
0.202091975599791,-0.144049099101776,0.0636706020262288,1.02445521268496
0.129736582117193,-0.22262032144095,0.053064904838155,0.988650522435937
0.148043400903284,-0.14188758967732,0.0579353273605886,1.00285924047368
0.218871404683975,-0.180839203705253,0.071081344806525,0.973807607919847
0.216273835177055,-0.113944576235259,0.0628325104713346,1.03627353789913
0.221864530425293,-0.187499650433862,0.0684198186530167,0.980125002643538
0.290012759126363,-0.188150636655266,0.0738079621568159,0.969916614829018
0.148919506077277,-0.266125338289007,0.0468149035396994,0.967772744133325
0.116260911875128,-0.08284800737323,0.067961695648605,1.01645287996678
0.16954301168265,-0.116629100639574,0.054317481468374,1.04186234477508
0.240175122440772,-0.100713917997608,0.0606543022020486,1.05629388798082
0.0819243470461888,-0.0841173930520009,0.0617173454652127,1.01308849327517
0.141880239467233,-0.250093376479247,0.0525287498638529,1.00392767149792
0.100473187591653,-0.0540642078062577,0.0592960759625064,0.966822912643069
0.0845463375851781,-0.208499746451217,0.048542863915256,0.938834884125457
0.373680864881823,-0.278822549382423,0.0686819675369154,0.986510848875962
0.208508423204596,-0.273932206155283,0.0723716836845281,0.944786748989936
0.178444874509538,0.0279758386613874,0.0644128648308098,1.0927255336276
0.0973607966335062,0.0239861796106805,0.0621539894996643,1.03477923569798
0.0634132951853466,-0.152592027433896,0.0474039152887385,1.0618050807371
0.158297403375734,-0.0165890033968161,0.0644895760923271,1.04769400901474
0.201858374879978,-0.245967183505762,0.0430399499431041,1.02083547930139
0.170989788952913,-0.246623099822447,0.0628645579998485,0.973003827865194
-0.00785125751277383,-0.108783347114388,0.0484629435314961,0.972957469763777
0.176673353478087,-0.258063524850635,0.0465896927110462,0.985522445921991
0.132083195805457,-0.0742376954214773,0.0554197605343538,1.00306993748247
0.0593718152166081,-0.0753690603927214,0.0467029884029341,0.941255597418269
0.361324999001648,-0.282468765837427,0.057235858779731,0.992386779194692
0.238995893203686,-0.235709066822138,0.0583909854129588,1.02857969181217
0.241208716704392,-0.282169491280904,0.0542098842269771,1.00750049469099
0.197892709475323,-0.299614027894852,0.0541247180377192,1.00430738068326
0.162979978761916,-0.141316812427776,0.0684109840011955,1.02106426964595
0.244814144496173,-0.265661033226742,0.0463932966315246,0.983759959715419
0.187064876034848,-0.165769625679774,0.0519324082232522,1.00597879500037
0.18878811660967,-0.122346121622678,0.0670488000623305,0.990362574187028
0.121028198183933,-0.140843019509246,0.0632484459669279,1.02120385587401
0.188740615737428,-0.221683417860643,0.0551563706974808,1.03015829637575
0.206968331523706,-0.220201903760938,0.0497208655300054,1.04090041476586
0.2883880277012,-0.309077623967844,0.0552910243141044,1.00811644178637
0.421808148680117,-0.304727774636662,0.0795554027662136,1.04262815786199
0.0598191995340145,-0.252457145444885,0.0427617810219562,1.01738946879096
0.223188525701823,-0.30461432979391,0.0681850460612103,1.04910087956119
0.261448866960591,-0.182706942103956,0.0619100474896341,1.03339240483491
0.377299180511349,-0.383891596186346,0.0691614755757964,1.02799379044224
-0.0201117087242764,-0.00254792084287474,0.0626811254624256,1.01811406229225
0.351734745164729,-0.342049787501369,0.0612356649151722,0.969185498200842
0.374014358974783,-0.38844313904962,0.0734052636493324,0.98261581230768
0.225261821344767,-0.101106815736529,0.058073848088953,0.976276483901388
0.31191999957493,-0.37641508743234,0.0527784620267139,0.985917634491751
0.266531400851703,-0.346406510010928,0.0619789121559001,1.02004537253207
0.212565577426124,-0.157143877299106,0.0566866739948946,1.01363579604033
0.19438327627351,-0.140153901608845,0.055448630434356,0.99504904508147
0.109640361518427,-0.136544384341277,0.0648527925089426,0.954214237042926
0.109645401988718,-0.0758547577317252,0.0614697553642302,1.02000001155611
0.248002944891773,-0.321782662069282,0.0548839261481701,0.984167907439188
0.122114245605458,-0.335614040252783,0.0527095347834655,0.978039417813603
0.0976686160026319,-0.204690340746011,0.059272657084158,1.04789510293845
0.147359553144765,-0.129695537115465,0.0474109386126905,1.06850438762381
0.24656694919293,-0.176206407506879,0.0623083410920625,1.00015092969725
0.207161126306177,-0.14207986973801,0.0635965051823049,0.951641365899937
0.155789753409996,-0.0126925192385591,0.0643461825698621,0.995781239756502
0.143307289473133,-0.133083584551485,0.0583300031028058,0.997201658322637
0.180131153727836,-0.24252434891109,0.0666651158847279,1.02933313987201
0.34022779846174,-0.469012065021063,0.0611664535191406,0.972818999017824
0.136823672696506,-0.233888064712753,0.0548216639504043,1.00493839375933
0.29029688120957,-0.292101482026872,0.0534217474203491,1.03685417924675
0.131941357260441,-0.133120273629474,0.055342873594056,1.02765622871361
0.178473627239273,-0.194377456107665,0.0536567214728604,1.05171676483269
0.0865858892787569,-0.093342028335959,0.0493422766985545,1.04212626224933
0.0469014216818675,-0.000920646769088572,0.0574706306473757,1.01448044230131
0.218157480886863,-0.303107935757805,0.068409279682506,0.996249671712247
0.0679510392367081,-0.0796816420050826,0.0602116948444818,0.977231637692862
0.246930968632706,-0.374141242513822,0.0470904340201976,0.976085691276992
0.148811526328875,-0.215202875501057,0.0577270838841365,0.994110093086962
0.220795591416886,-0.300892310719909,0.0626968922865341,0.964590375500551
0.30306072896986,-0.20371623215783,0.0556549404296332,1.04564447430258
0.240584960737483,-0.167316405722263,0.0594584111550036,1.03979894333942
0.165151490058331,0.0102054234908275,0.0584399579882441,1.02505929325643
0.191416606344296,-0.203053104967227,0.050720280620521,1.03877952162618
0.277590162640299,-0.396034771252252,0.0621582374734306,1.00323574125407
0.0716089367770376,-0.198657383177159,0.0616593268521415,0.959711694373348
0.289149159098672,-0.375810868173058,0.0527013669457514,1.01406540935109
0.137077010925683,-0.154083163058759,0.0619282905557993,0.950359749829581
0.129002151578219,-0.26268746043715,0.0621184748978108,0.975537173838687
0.151770808304959,-0.242196075771762,0.0627616058818455,0.987008460414637
0.344885694874254,-0.384023466129626,0.0689780420070302,0.98555852182067
0.228515714675299,-0.227919229838134,0.0674914628806927,0.988438212019203
0.315940195522302,-0.220410684781002,0.0693201010185505,1.00839259337201
